"pays","code_pays","année","population"
"Afghanistan",2,2012,31161376
"Afghanistan",2,2013,32269589
"Afghanistan",2,2014,33370794
"Afghanistan",2,2015,34413603
"Afghanistan",2,2016,35383032
"Afghanistan",2,2017,36296113
"Afghanistan",2,2018,37171921
"Afrique du Sud",202,2012,52832658
"Afrique du Sud",202,2013,53687121
"Afrique du Sud",202,2014,54544186
"Afrique du Sud",202,2015,55386367
"Afrique du Sud",202,2016,56207646
"Afrique du Sud",202,2017,57009756
"Afrique du Sud",202,2018,57792518
"Albanie",3,2012,2914096
"Albanie",3,2013,2903790
"Albanie",3,2014,2896305
"Albanie",3,2015,2890513
"Albanie",3,2016,2886438
"Albanie",3,2017,2884169
"Albanie",3,2018,2882740
"Algérie",4,2012,37383895
"Algérie",4,2013,38140133
"Algérie",4,2014,38923692
"Algérie",4,2015,39728025
"Algérie",4,2016,40551392
"Algérie",4,2017,41389189
"Algérie",4,2018,42228408
"Allemagne",79,2012,80972628
"Allemagne",79,2013,81174367
"Allemagne",79,2014,81450378
"Allemagne",79,2015,81787411
"Allemagne",79,2016,82193768
"Allemagne",79,2017,82658409
"Allemagne",79,2018,83124418
"Andorre",6,2012,82427
"Andorre",6,2013,80774
"Andorre",6,2014,79213
"Andorre",6,2015,78011
"Andorre",6,2016,77297
"Andorre",6,2017,77001
"Andorre",6,2018,77006
"Angola",7,2012,25107931
"Angola",7,2013,26015781
"Angola",7,2014,26941779
"Angola",7,2015,27884381
"Angola",7,2016,28842489
"Angola",7,2017,29816766
"Angola",7,2018,30809787
"Anguilla",258,2012,13795
"Anguilla",258,2013,13954
"Anguilla",258,2014,14112
"Anguilla",258,2015,14279
"Anguilla",258,2016,14429
"Anguilla",258,2017,14584
"Anguilla",258,2018,14731
"Antigua-et-Barbuda",8,2012,90409
"Antigua-et-Barbuda",8,2013,91516
"Antigua-et-Barbuda",8,2014,92562
"Antigua-et-Barbuda",8,2015,93566
"Antigua-et-Barbuda",8,2016,94527
"Antigua-et-Barbuda",8,2017,95426
"Antigua-et-Barbuda",8,2018,96286
"Antilles néerlandaises (ex)",151,2012,260348
"Antilles néerlandaises (ex)",151,2013,263872
"Antilles néerlandaises (ex)",151,2014,267006
"Antilles néerlandaises (ex)",151,2015,269936
"Antilles néerlandaises (ex)",151,2016,272693
"Antilles néerlandaises (ex)",151,2017,275186
"Antilles néerlandaises (ex)",151,2018,277483
"Arabie saoudite",194,2012,29154900
"Arabie saoudite",194,2013,30052059
"Arabie saoudite",194,2014,30916597
"Arabie saoudite",194,2015,31717667
"Arabie saoudite",194,2016,32443447
"Arabie saoudite",194,2017,33101179
"Arabie saoudite",194,2018,33702756
"Argentine",9,2012,41755196
"Argentine",9,2013,42196030
"Argentine",9,2014,42637511
"Argentine",9,2015,43075416
"Argentine",9,2016,43508460
"Argentine",9,2017,43937140
"Argentine",9,2018,44361150
"Arménie",1,2012,2884234
"Arménie",1,2013,2897588
"Arménie",1,2014,2912409
"Arménie",1,2015,2925553
"Arménie",1,2016,2936143
"Arménie",1,2017,2944791
"Arménie",1,2018,2951745
"Aruba",22,2012,102560
"Aruba",22,2013,103159
"Aruba",22,2014,103774
"Aruba",22,2015,104341
"Aruba",22,2016,104872
"Aruba",22,2017,105366
"Aruba",22,2018,105845
"Australie",10,2012,22903948
"Australie",10,2013,23254913
"Australie",10,2014,23596424
"Australie",10,2015,23932502
"Australie",10,2016,24262712
"Australie",10,2017,24584620
"Australie",10,2018,24898152
"Autriche",11,2012,8502227
"Autriche",11,2013,8556189
"Autriche",11,2014,8615214
"Autriche",11,2015,8678660
"Autriche",11,2016,8747301
"Autriche",11,2017,8819901
"Autriche",11,2018,8891388
"Azerbaïdjan",52,2012,9264692
"Azerbaïdjan",52,2013,9385468
"Azerbaïdjan",52,2014,9505622
"Azerbaïdjan",52,2015,9622745
"Azerbaïdjan",52,2016,9736043
"Azerbaïdjan",52,2017,9845320
"Azerbaïdjan",52,2018,9949537
"Bahamas",12,2012,363584
"Bahamas",12,2013,367169
"Bahamas",12,2014,370633
"Bahamas",12,2015,374206
"Bahamas",12,2016,377930
"Bahamas",12,2017,381755
"Bahamas",12,2018,385637
"Bahreïn",13,2012,1299944
"Bahreïn",13,2013,1315028
"Bahreïn",13,2014,1336075
"Bahreïn",13,2015,1371851
"Bahreïn",13,2016,1425792
"Bahreïn",13,2017,1494076
"Bahreïn",13,2018,1569446
"Bangladesh",16,2012,151005739
"Bangladesh",16,2013,152761418
"Bangladesh",16,2014,154517382
"Bangladesh",16,2015,156256276
"Bangladesh",16,2016,157977153
"Bangladesh",16,2017,159685424
"Bangladesh",16,2018,161376708
"Barbade",14,2012,283701
"Barbade",14,2013,284296
"Barbade",14,2014,284826
"Barbade",14,2015,285324
"Barbade",14,2016,285796
"Barbade",14,2017,286232
"Barbade",14,2018,286641
"Bélarus",57,2012,9417046
"Bélarus",57,2013,9423506
"Bélarus",57,2014,9431735
"Bélarus",57,2015,9439423
"Bélarus",57,2016,9445643
"Bélarus",57,2017,9450231
"Bélarus",57,2018,9452617
"Belgique",255,2012,11085358
"Belgique",255,2013,11154009
"Belgique",255,2014,11221231
"Belgique",255,2015,11287940
"Belgique",255,2016,11354420
"Belgique",255,2017,11419748
"Belgique",255,2018,11482178
"Belize",23,2012,338000
"Belize",23,2013,345715
"Belize",23,2014,353366
"Belize",23,2015,360933
"Belize",23,2016,368400
"Belize",23,2017,375769
"Belize",23,2018,383071
"Bénin",53,2012,9729249
"Bénin",53,2013,10004591
"Bénin",53,2014,10286844
"Bénin",53,2015,10575952
"Bénin",53,2016,10872063
"Bénin",53,2017,11175198
"Bénin",53,2018,11485044
"Bermudes",17,2012,64737
"Bermudes",17,2013,64386
"Bermudes",17,2014,64033
"Bermudes",17,2015,63692
"Bermudes",17,2016,63362
"Bermudes",17,2017,63049
"Bermudes",17,2018,62756
"Bhoutan",18,2012,701581
"Bhoutan",18,2013,710237
"Bhoutan",18,2014,719055
"Bhoutan",18,2015,727876
"Bhoutan",18,2016,736708
"Bhoutan",18,2017,745563
"Bhoutan",18,2018,754388
"Bolivie (État plurinational de)",19,2012,10377676
"Bolivie (État plurinational de)",19,2013,10542377
"Bolivie (État plurinational de)",19,2014,10706517
"Bolivie (État plurinational de)",19,2015,10869730
"Bolivie (État plurinational de)",19,2016,11031814
"Bolivie (État plurinational de)",19,2017,11192855
"Bolivie (État plurinational de)",19,2018,11353142
"Bonaire, Sint Eustatius et Saba",278,2012,22842
"Bonaire, Sint Eustatius et Saba",278,2013,23505
"Bonaire, Sint Eustatius et Saba",278,2014,24070
"Bonaire, Sint Eustatius et Saba",278,2015,24570
"Bonaire, Sint Eustatius et Saba",278,2016,25020
"Bonaire, Sint Eustatius et Saba",278,2017,25401
"Bonaire, Sint Eustatius et Saba",278,2018,25711
"Bosnie-Herzégovine",80,2012,3604972
"Bosnie-Herzégovine",80,2013,3542606
"Bosnie-Herzégovine",80,2014,3482105
"Bosnie-Herzégovine",80,2015,3429361
"Bosnie-Herzégovine",80,2016,3386266
"Bosnie-Herzégovine",80,2017,3351525
"Bosnie-Herzégovine",80,2018,3323925
"Botswana",20,2012,2039556
"Botswana",20,2013,2062548
"Botswana",20,2014,2088618
"Botswana",20,2015,2120716
"Botswana",20,2016,2159927
"Botswana",20,2017,2205080
"Botswana",20,2018,2254068
"Brésil",21,2012,199287299
"Brésil",21,2013,201035912
"Brésil",21,2014,202763739
"Brésil",21,2015,204471769
"Brésil",21,2016,206163053
"Brésil",21,2017,207833823
"Brésil",21,2018,209469323
"Brunéi Darussalam",26,2012,398989
"Brunéi Darussalam",26,2013,404421
"Brunéi Darussalam",26,2014,409769
"Brunéi Darussalam",26,2015,414907
"Brunéi Darussalam",26,2016,419800
"Brunéi Darussalam",26,2017,424473
"Brunéi Darussalam",26,2018,428963
"Bulgarie",27,2012,7334003
"Bulgarie",27,2013,7290088
"Bulgarie",27,2014,7245646
"Bulgarie",27,2015,7199741
"Bulgarie",27,2016,7151953
"Bulgarie",27,2017,7102444
"Bulgarie",27,2018,7051608
"Burkina Faso",233,2012,16571253
"Burkina Faso",233,2013,17072785
"Burkina Faso",233,2014,17586030
"Burkina Faso",233,2015,18110624
"Burkina Faso",233,2016,18646357
"Burkina Faso",233,2017,19193234
"Burkina Faso",233,2018,19751466
"Burundi",29,2012,9245988
"Burundi",29,2013,9540291
"Burundi",29,2014,9844299
"Burundi",29,2015,10160030
"Burundi",29,2016,10487995
"Burundi",29,2017,10827019
"Burundi",29,2018,11175374
"Cabo Verde",35,2012,505235
"Cabo Verde",35,2013,511748
"Cabo Verde",35,2014,518271
"Cabo Verde",35,2015,524743
"Cabo Verde",35,2016,531146
"Cabo Verde",35,2017,537498
"Cabo Verde",35,2018,543767
"Cambodge",115,2012,14780454
"Cambodge",115,2013,15026332
"Cambodge",115,2014,15274503
"Cambodge",115,2015,15521436
"Cambodge",115,2016,15766292
"Cambodge",115,2017,16009409
"Cambodge",115,2018,16249792
"Cameroun",32,2012,21485265
"Cameroun",32,2013,22077294
"Cameroun",32,2014,22681852
"Cameroun",32,2015,23298368
"Cameroun",32,2016,23926551
"Cameroun",32,2017,24566073
"Cameroun",32,2018,25216267
"Canada",33,2012,34922030
"Canada",33,2013,35296528
"Canada",33,2014,35664337
"Canada",33,2015,36026676
"Canada",33,2016,36382944
"Canada",33,2017,36732095
"Canada",33,2018,37074562
"Chili",40,2012,17400347
"Chili",40,2013,17571507
"Chili",40,2014,17758959
"Chili",40,2015,17969353
"Chili",40,2016,18209068
"Chili",40,2017,18470439
"Chili",40,2018,18729160
"Chine - RAS de Hong-Kong",96,2012,7046848
"Chine - RAS de Hong-Kong",96,2013,7088778
"Chine - RAS de Hong-Kong",96,2014,7134670
"Chine - RAS de Hong-Kong",96,2015,7185996
"Chine - RAS de Hong-Kong",96,2016,7243542
"Chine - RAS de Hong-Kong",96,2017,7306322
"Chine - RAS de Hong-Kong",96,2018,7371730
"Chine - RAS de Macao",128,2012,564039
"Chine - RAS de Macao",128,2013,577372
"Chine - RAS de Macao",128,2014,590208
"Chine - RAS de Macao",128,2015,602085
"Chine - RAS de Macao",128,2016,612836
"Chine - RAS de Macao",128,2017,622585
"Chine - RAS de Macao",128,2018,631636
"Chine, continentale",41,2012,1384206401
"Chine, continentale",41,2013,1391883330
"Chine, continentale",41,2014,1399453965
"Chine, continentale",41,2015,1406847870
"Chine, continentale",41,2016,1414049351
"Chine, continentale",41,2017,1421021791
"Chine, continentale",41,2018,1427647786
"Chine, Taiwan Province de",214,2012,23346896
"Chine, Taiwan Province de",214,2013,23421582
"Chine, Taiwan Province de",214,2014,23491976
"Chine, Taiwan Province de",214,2015,23557477
"Chine, Taiwan Province de",214,2016,23618200
"Chine, Taiwan Province de",214,2017,23674546
"Chine, Taiwan Province de",214,2018,23726460
"Chypre",50,2012,1135046
"Chypre",50,2013,1143866
"Chypre",50,2014,1152285
"Chypre",50,2015,1160985
"Chypre",50,2016,1170187
"Chypre",50,2017,1179678
"Chypre",50,2018,1189265
"Colombie",44,2012,46075718
"Colombie",44,2013,46495493
"Colombie",44,2014,46967696
"Colombie",44,2015,47520667
"Colombie",44,2016,48175052
"Colombie",44,2017,48909839
"Colombie",44,2018,49661048
"Comores",45,2012,723871
"Comores",45,2013,741505
"Comores",45,2014,759390
"Comores",45,2015,777424
"Comores",45,2016,795592
"Comores",45,2017,813892
"Comores",45,2018,832322
"Congo",46,2012,4510199
"Congo",46,2013,4622762
"Congo",46,2014,4736976
"Congo",46,2015,4856095
"Congo",46,2016,4980996
"Congo",46,2017,5110695
"Congo",46,2018,5244359
"Costa Rica",48,2012,4688000
"Costa Rica",48,2013,4742107
"Costa Rica",48,2014,4795396
"Costa Rica",48,2015,4847804
"Costa Rica",48,2016,4899345
"Costa Rica",48,2017,4949954
"Costa Rica",48,2018,4999441
"Côte d'Ivoire",107,2012,21547188
"Côte d'Ivoire",107,2013,22087504
"Côte d'Ivoire",107,2014,22647684
"Côte d'Ivoire",107,2015,23226143
"Côte d'Ivoire",107,2016,23822714
"Côte d'Ivoire",107,2017,24437470
"Côte d'Ivoire",107,2018,25069230
"Croatie",98,2012,4295878
"Croatie",98,2013,4276598
"Croatie",98,2014,4255512
"Croatie",98,2015,4232874
"Croatie",98,2016,4208602
"Croatie",98,2017,4182857
"Croatie",98,2018,4156405
"Cuba",49,2012,11257104
"Cuba",49,2013,11282723
"Cuba",49,2014,11306904
"Cuba",49,2015,11324781
"Cuba",49,2016,11335104
"Cuba",49,2017,11339254
"Cuba",49,2018,11338134
"Curaçao",279,2012,154817
"Curaçao",279,2013,156794
"Curaçao",279,2014,158422
"Curaçao",279,2015,159847
"Curaçao",279,2016,161052
"Curaçao",279,2017,161997
"Curaçao",279,2018,162752
"Danemark",54,2012,5610903
"Danemark",54,2013,5638145
"Danemark",54,2014,5664196
"Danemark",54,2015,5688695
"Danemark",54,2016,5711349
"Danemark",54,2017,5732274
"Danemark",54,2018,5752126
"Djibouti",72,2012,868137
"Djibouti",72,2013,883293
"Djibouti",72,2014,898695
"Djibouti",72,2015,913993
"Djibouti",72,2016,929112
"Djibouti",72,2017,944099
"Djibouti",72,2018,958923
"Dominique",55,2012,70965
"Dominique",55,2013,71016
"Dominique",55,2014,71085
"Dominique",55,2015,71183
"Dominique",55,2016,71307
"Dominique",55,2017,71458
"Dominique",55,2018,71625
"Égypte",59,2012,86422243
"Égypte",59,2013,88404646
"Égypte",59,2014,90424656
"Égypte",59,2015,92442547
"Égypte",59,2016,94447073
"Égypte",59,2017,96442591
"Égypte",59,2018,98423598
"El Salvador",60,2012,6237923
"El Salvador",60,2013,6266070
"El Salvador",60,2014,6295128
"El Salvador",60,2015,6325124
"El Salvador",60,2016,6356143
"El Salvador",60,2017,6388126
"El Salvador",60,2018,6420746
"Émirats arabes unis",225,2012,9141596
"Émirats arabes unis",225,2013,9197910
"Émirats arabes unis",225,2014,9214175
"Émirats arabes unis",225,2015,9262900
"Émirats arabes unis",225,2016,9360980
"Émirats arabes unis",225,2017,9487203
"Émirats arabes unis",225,2018,9630959
"Équateur",58,2012,15474101
"Équateur",58,2013,15707474
"Équateur",58,2014,15951840
"Équateur",58,2015,16212020
"Équateur",58,2016,16491116
"Équateur",58,2017,16785361
"Équateur",58,2018,17084358
"Érythrée",178,2012,3250100
"Érythrée",178,2013,3281449
"Érythrée",178,2014,3311449
"Érythrée",178,2015,3342818
"Érythrée",178,2016,3376557
"Érythrée",178,2017,3412893
"Érythrée",178,2018,3452786
"Espagne",203,2012,47063060
"Espagne",203,2013,46930555
"Espagne",203,2014,46777925
"Espagne",203,2015,46671926
"Espagne",203,2016,46634140
"Espagne",203,2017,46647428
"Espagne",203,2018,46692858
"Estonie",63,2012,1323159
"Estonie",63,2013,1319062
"Estonie",63,2014,1316277
"Estonie",63,2015,1315325
"Estonie",63,2016,1316510
"Estonie",63,2017,1319390
"Estonie",63,2018,1322920
"Eswatini",209,2012,1079288
"Eswatini",209,2013,1086843
"Eswatini",209,2014,1095019
"Eswatini",209,2015,1104044
"Eswatini",209,2016,1113997
"Eswatini",209,2017,1124805
"Eswatini",209,2018,1136281
"États-Unis d'Amérique",231,2012,314043885
"États-Unis d'Amérique",231,2013,316400538
"États-Unis d'Amérique",231,2014,318673411
"États-Unis d'Amérique",231,2015,320878310
"États-Unis d'Amérique",231,2016,323015995
"États-Unis d'Amérique",231,2017,325084756
"États-Unis d'Amérique",231,2018,327096265
"Éthiopie",238,2012,92726985
"Éthiopie",238,2013,95385798
"Éthiopie",238,2014,98094265
"Éthiopie",238,2015,100835458
"Éthiopie",238,2016,103603462
"Éthiopie",238,2017,106399924
"Éthiopie",238,2018,109224414
"Fédération de Russie",185,2012,143993892
"Fédération de Russie",185,2013,144325449
"Fédération de Russie",185,2014,144664841
"Fédération de Russie",185,2015,144985057
"Fédération de Russie",185,2016,145275383
"Fédération de Russie",185,2017,145530082
"Fédération de Russie",185,2018,145734038
"Fidji",66,2012,865069
"Fidji",66,2013,865608
"Fidji",66,2014,866453
"Fidji",66,2015,868627
"Fidji",66,2016,872399
"Fidji",66,2017,877459
"Fidji",66,2018,883483
"Finlande",67,2012,5414770
"Finlande",67,2013,5438982
"Finlande",67,2014,5461411
"Finlande",67,2015,5481122
"Finlande",67,2016,5497713
"Finlande",67,2017,5511371
"Finlande",67,2018,5522576
"France",68,2012,63564221
"France",68,2013,63893525
"France",68,2014,64193550
"France",68,2015,64453200
"France",68,2016,64667596
"France",68,2017,64842509
"France",68,2018,64990511
"Gabon",74,2012,1749682
"Gabon",74,2013,1817071
"Gabon",74,2014,1883800
"Gabon",74,2015,1947686
"Gabon",74,2016,2007873
"Gabon",74,2017,2064823
"Gabon",74,2018,2119275
"Gambie",75,2012,1905013
"Gambie",75,2013,1963712
"Gambie",75,2014,2024042
"Gambie",75,2015,2085860
"Gambie",75,2016,2149136
"Gambie",75,2017,2213889
"Gambie",75,2018,2280094
"Géorgie",73,2012,4064106
"Géorgie",73,2013,4048701
"Géorgie",73,2014,4035311
"Géorgie",73,2015,4024183
"Géorgie",73,2016,4015450
"Géorgie",73,2017,4008716
"Géorgie",73,2018,4002942
"Ghana",81,2012,25996450
"Ghana",81,2013,26607645
"Ghana",81,2014,27224473
"Ghana",81,2015,27849205
"Ghana",81,2016,28481945
"Ghana",81,2017,29121465
"Ghana",81,2018,29767102
"Gibraltar",82,2012,33646
"Gibraltar",82,2013,33692
"Gibraltar",82,2014,33725
"Gibraltar",82,2015,33736
"Gibraltar",82,2016,33737
"Gibraltar",82,2017,33728
"Gibraltar",82,2018,33718
"Grèce",84,2012,10781125
"Grèce",84,2013,10740500
"Grèce",84,2014,10701456
"Grèce",84,2015,10659750
"Grèce",84,2016,10615185
"Grèce",84,2017,10569450
"Grèce",84,2018,10522246
"Grenade",86,2012,107446
"Grenade",86,2013,108170
"Grenade",86,2014,108902
"Grenade",86,2015,109599
"Grenade",86,2016,110261
"Grenade",86,2017,110874
"Grenade",86,2018,111454
"Groenland",85,2012,56470
"Groenland",85,2013,56414
"Groenland",85,2014,56381
"Groenland",85,2015,56377
"Groenland",85,2016,56412
"Groenland",85,2017,56481
"Groenland",85,2018,56564
"Guadeloupe",87,2012,404448
"Guadeloupe",87,2013,402829
"Guadeloupe",87,2014,401314
"Guadeloupe",87,2015,400255
"Guadeloupe",87,2016,399763
"Guadeloupe",87,2017,399672
"Guadeloupe",87,2018,399848
"Guam",88,2012,159996
"Guam",88,2013,160407
"Guam",88,2014,161016
"Guam",88,2015,161853
"Guam",88,2016,162951
"Guam",88,2017,164281
"Guam",88,2018,165768
"Guatemala",89,2012,15270771
"Guatemala",89,2013,15595816
"Guatemala",89,2014,15923236
"Guatemala",89,2015,16252429
"Guatemala",89,2016,16583076
"Guatemala",89,2017,16914970
"Guatemala",89,2018,17247849
"Guinée",90,2012,10652031
"Guinée",90,2013,10892817
"Guinée",90,2014,11150982
"Guinée",90,2015,11432088
"Guinée",90,2016,11738429
"Guinée",90,2017,12067519
"Guinée",90,2018,12414293
"Guinée équatoriale",61,2012,1031191
"Guinée équatoriale",61,2013,1076413
"Guinée équatoriale",61,2014,1122277
"Guinée équatoriale",61,2015,1168568
"Guinée équatoriale",61,2016,1215180
"Guinée équatoriale",61,2017,1262002
"Guinée équatoriale",61,2018,1308975
"Guinée-Bissau",175,2012,1604979
"Guinée-Bissau",175,2013,1648255
"Guinée-Bissau",175,2014,1692437
"Guinée-Bissau",175,2015,1737202
"Guinée-Bissau",175,2016,1782438
"Guinée-Bissau",175,2017,1828145
"Guinée-Bissau",175,2018,1874303
"Guyana",91,2012,755399
"Guyana",91,2013,759285
"Guyana",91,2014,763380
"Guyana",91,2015,767432
"Guyana",91,2016,771368
"Guyana",91,2017,775222
"Guyana",91,2018,779006
"Guyane française",69,2012,243666
"Guyane française",69,2013,249054
"Guyane française",69,2014,254773
"Guyane française",69,2015,260999
"Guyane française",69,2016,267821
"Guyane française",69,2017,275191
"Guyane française",69,2018,282938
"Haïti",93,2012,10250930
"Haïti",93,2013,10400675
"Haïti",93,2014,10549009
"Haïti",93,2015,10695542
"Haïti",93,2016,10839970
"Haïti",93,2017,10982366
"Haïti",93,2018,11123178
"Honduras",95,2012,8640691
"Honduras",95,2013,8798521
"Honduras",95,2014,8955589
"Honduras",95,2015,9112916
"Honduras",95,2016,9270795
"Honduras",95,2017,9429013
"Honduras",95,2018,9587522
"Hongrie",97,2012,9864358
"Hongrie",97,2013,9833923
"Hongrie",97,2014,9804991
"Hongrie",97,2015,9777923
"Hongrie",97,2016,9752975
"Hongrie",97,2017,9729823
"Hongrie",97,2018,9707499
"Île de Man",264,2012,84533
"Île de Man",264,2013,83976
"Île de Man",264,2014,83488
"Île de Man",264,2015,83234
"Île de Man",264,2016,83287
"Île de Man",264,2017,83598
"Île de Man",264,2018,84077
"Iles Anglo-Normandes",259,2012,162056
"Iles Anglo-Normandes",259,2013,163038
"Iles Anglo-Normandes",259,2014,164100
"Iles Anglo-Normandes",259,2015,165385
"Iles Anglo-Normandes",259,2016,166923
"Iles Anglo-Normandes",259,2017,168665
"Iles Anglo-Normandes",259,2018,170499
"Îles Caïmanes",36,2012,58958
"Îles Caïmanes",36,2013,59932
"Îles Caïmanes",36,2014,60848
"Îles Caïmanes",36,2015,61724
"Îles Caïmanes",36,2016,62569
"Îles Caïmanes",36,2017,63382
"Îles Caïmanes",36,2018,64174
"Îles Cook",47,2012,18011
"Îles Cook",47,2013,17833
"Îles Cook",47,2014,17691
"Îles Cook",47,2015,17586
"Îles Cook",47,2016,17524
"Îles Cook",47,2017,17507
"Îles Cook",47,2018,17518
"Îles Falkland",65,2012,2823
"Îles Falkland",65,2013,2794
"Îles Falkland",65,2014,2792
"Îles Falkland",65,2015,2834
"Îles Falkland",65,2016,2928
"Îles Falkland",65,2017,3068
"Îles Falkland",65,2018,3234
"Îles Féroé",64,2012,47843
"Îles Féroé",64,2013,47892
"Îles Féroé",64,2014,47960
"Îles Féroé",64,2015,48051
"Îles Féroé",64,2016,48173
"Îles Féroé",64,2017,48331
"Îles Féroé",64,2018,48497
"Îles Mariannes du Nord",163,2012,54311
"Îles Mariannes du Nord",163,2013,54784
"Îles Mariannes du Nord",163,2014,55305
"Îles Mariannes du Nord",163,2015,55780
"Îles Mariannes du Nord",163,2016,56188
"Îles Mariannes du Nord",163,2017,56562
"Îles Mariannes du Nord",163,2018,56882
"Îles Marshall",127,2012,56717
"Îles Marshall",127,2013,56938
"Îles Marshall",127,2014,57179
"Îles Marshall",127,2015,57439
"Îles Marshall",127,2016,57735
"Îles Marshall",127,2017,58058
"Îles Marshall",127,2018,58413
"Îles Salomon",25,2012,556063
"Îles Salomon",25,2013,571336
"Îles Salomon",25,2014,587079
"Îles Salomon",25,2015,603118
"Îles Salomon",25,2016,619438
"Îles Salomon",25,2017,636039
"Îles Salomon",25,2018,652857
"Îles Turques et Caïques",224,2012,34066
"Îles Turques et Caïques",224,2013,34731
"Îles Turques et Caïques",224,2014,35369
"Îles Turques et Caïques",224,2015,35981
"Îles Turques et Caïques",224,2016,36559
"Îles Turques et Caïques",224,2017,37115
"Îles Turques et Caïques",224,2018,37665
"Îles Vierges américaines",240,2012,105534
"Îles Vierges américaines",240,2013,105303
"Îles Vierges américaines",240,2014,105114
"Îles Vierges américaines",240,2015,104958
"Îles Vierges américaines",240,2016,104835
"Îles Vierges américaines",240,2017,104751
"Îles Vierges américaines",240,2018,104680
"Îles Vierges britanniques",239,2012,28650
"Îles Vierges britanniques",239,2013,28847
"Îles Vierges britanniques",239,2014,28989
"Îles Vierges britanniques",239,2015,29152
"Îles Vierges britanniques",239,2016,29355
"Îles Vierges britanniques",239,2017,29577
"Îles Vierges britanniques",239,2018,29802
"Îles Wallis et Futuna",243,2012,12375
"Îles Wallis et Futuna",243,2013,12356
"Îles Wallis et Futuna",243,2014,12340
"Îles Wallis et Futuna",243,2015,12266
"Îles Wallis et Futuna",243,2016,12107
"Îles Wallis et Futuna",243,2017,11900
"Îles Wallis et Futuna",243,2018,11661
"Inde",100,2012,1265780247
"Inde",100,2013,1280842125
"Inde",100,2014,1295600772
"Inde",100,2015,1310152403
"Inde",100,2016,1324517249
"Inde",100,2017,1338676785
"Inde",100,2018,1352642280
"Indonésie",101,2012,248451722
"Indonésie",101,2013,251805307
"Indonésie",101,2014,255128076
"Indonésie",101,2015,258383256
"Indonésie",101,2016,261556381
"Indonésie",101,2017,264650963
"Indonésie",101,2018,267670543
"Iran (République islamique d')",102,2012,75539878
"Iran (République islamique d')",102,2013,76481961
"Iran (République islamique d')",102,2014,77465770
"Iran (République islamique d')",102,2015,78492215
"Iran (République islamique d')",102,2016,79563989
"Iran (République islamique d')",102,2017,80673883
"Iran (République islamique d')",102,2018,81800188
"Iraq",103,2012,31890011
"Iraq",103,2013,33157050
"Iraq",103,2014,34411951
"Iraq",103,2015,35572261
"Iraq",103,2016,36610632
"Iraq",103,2017,37552781
"Iraq",103,2018,38433600
"Irlande",104,2012,4608198
"Irlande",104,2013,4615422
"Irlande",104,2014,4626844
"Irlande",104,2015,4652425
"Irlande",104,2016,4695779
"Irlande",104,2017,4753279
"Irlande",104,2018,4818690
"Islande",99,2012,325652
"Islande",99,2013,327187
"Islande",99,2014,328594
"Islande",99,2015,330243
"Islande",99,2016,332206
"Islande",99,2017,334393
"Islande",99,2018,336713
"Israël",105,2012,7614952
"Israël",105,2013,7734841
"Israël",105,2014,7854213
"Israël",105,2015,7978490
"Israël",105,2016,8108985
"Israël",105,2017,8243848
"Israël",105,2018,8381516
"Italie",106,2012,59879471
"Italie",106,2013,60166830
"Italie",106,2014,60409620
"Italie",106,2015,60578494
"Italie",106,2016,60663060
"Italie",106,2017,60673701
"Italie",106,2018,60627291
"Jamaïque",109,2012,2842132
"Jamaïque",109,2013,2858712
"Jamaïque",109,2014,2875139
"Jamaïque",109,2015,2891021
"Jamaïque",109,2016,2906236
"Jamaïque",109,2017,2920848
"Jamaïque",109,2018,2934847
"Japon",110,2012,128423571
"Japon",110,2013,128314195
"Japon",110,2014,128168639
"Japon",110,2015,127985133
"Japon",110,2016,127763265
"Japon",110,2017,127502725
"Japon",110,2018,127202192
"Jordanie",112,2012,8089962
"Jordanie",112,2013,8518983
"Jordanie",112,2014,8918828
"Jordanie",112,2015,9266575
"Jordanie",112,2016,9554286
"Jordanie",112,2017,9785843
"Jordanie",112,2018,9965318
"Kazakhstan",108,2012,16751525
"Kazakhstan",108,2013,17026117
"Kazakhstan",108,2014,17302615
"Kazakhstan",108,2015,17572016
"Kazakhstan",108,2016,17830901
"Kazakhstan",108,2017,18080019
"Kazakhstan",108,2018,18319618
"Kenya",114,2012,44343467
"Kenya",114,2013,45519981
"Kenya",114,2014,46700055
"Kenya",114,2015,47878336
"Kenya",114,2016,49051534
"Kenya",114,2017,50221142
"Kenya",114,2018,51392565
"Kirghizistan",113,2012,5621576
"Kirghizistan",113,2013,5731303
"Kirghizistan",113,2014,5844532
"Kirghizistan",113,2015,5959121
"Kirghizistan",113,2016,6074330
"Kirghizistan",113,2017,6189733
"Kirghizistan",113,2018,6304030
"Kiribati",83,2012,106370
"Kiribati",83,2013,107890
"Kiribati",83,2014,109391
"Kiribati",83,2015,110930
"Kiribati",83,2016,112524
"Kiribati",83,2017,114158
"Kiribati",83,2018,115847
"Koweït",118,2012,3348853
"Koweït",118,2013,3526376
"Koweït",118,2014,3690941
"Koweït",118,2015,3835591
"Koweït",118,2016,3956875
"Koweït",118,2017,4056099
"Koweït",118,2018,4137312
"Lesotho",122,2012,2014994
"Lesotho",122,2013,2028530
"Lesotho",122,2014,2043445
"Lesotho",122,2015,2059021
"Lesotho",122,2016,2075030
"Lesotho",122,2017,2091534
"Lesotho",122,2018,2108328
"Lettonie",119,2012,2069016
"Lettonie",119,2013,2044957
"Lettonie",119,2014,2021219
"Lettonie",119,2015,1997674
"Lettonie",119,2016,1974266
"Lettonie",119,2017,1951097
"Lettonie",119,2018,1928459
"Liban",121,2012,5537612
"Liban",121,2013,5913022
"Liban",121,2014,6261044
"Liban",121,2015,6532678
"Liban",121,2016,6714281
"Liban",121,2017,6819373
"Liban",121,2018,6859408
"Libéria",123,2012,4135659
"Libéria",123,2013,4248334
"Libéria",123,2014,4359506
"Libéria",123,2015,4472230
"Libéria",123,2016,4586787
"Libéria",123,2017,4702226
"Libéria",123,2018,4818973
"Libye",124,2012,6285748
"Libye",124,2013,6320360
"Libye",124,2014,6362037
"Libye",124,2015,6418315
"Libye",124,2016,6492162
"Libye",124,2017,6580724
"Libye",124,2018,6678559
"Liechtenstein",125,2012,36615
"Liechtenstein",125,2013,36934
"Liechtenstein",125,2014,37223
"Liechtenstein",125,2015,37470
"Liechtenstein",125,2016,37658
"Liechtenstein",125,2017,37800
"Liechtenstein",125,2018,37910
"Lituanie",126,2012,3045561
"Lituanie",126,2013,3008934
"Lituanie",126,2014,2971497
"Lituanie",126,2015,2931880
"Lituanie",126,2016,2889557
"Lituanie",126,2017,2845414
"Lituanie",126,2018,2801264
"Luxembourg",256,2012,530857
"Luxembourg",256,2013,542560
"Luxembourg",256,2014,554516
"Luxembourg",256,2015,566741
"Luxembourg",256,2016,579264
"Luxembourg",256,2017,591910
"Luxembourg",256,2018,604245
"Macédoine du Nord",154,2012,2074278
"Macédoine du Nord",154,2013,2076067
"Macédoine du Nord",154,2014,2077775
"Macédoine du Nord",154,2015,2079328
"Macédoine du Nord",154,2016,2080743
"Macédoine du Nord",154,2017,2081996
"Macédoine du Nord",154,2018,2082957
"Madagascar",129,2012,22346645
"Madagascar",129,2013,22961255
"Madagascar",129,2014,23589888
"Madagascar",129,2015,24234088
"Madagascar",129,2016,24894370
"Madagascar",129,2017,25570512
"Madagascar",129,2018,26262313
"Malaisie",131,2012,29068189
"Malaisie",131,2013,29468923
"Malaisie",131,2014,29866603
"Malaisie",131,2015,30270962
"Malaisie",131,2016,30684654
"Malaisie",131,2017,31104646
"Malaisie",131,2018,31528033
"Malawi",130,2012,15396015
"Malawi",130,2013,15839286
"Malawi",130,2014,16289552
"Malawi",130,2015,16745303
"Malawi",130,2016,17205261
"Malawi",130,2017,17670196
"Malawi",130,2018,18143217
"Maldives",132,2012,397237
"Maldives",132,2013,415593
"Maldives",132,2014,435015
"Maldives",132,2015,454915
"Maldives",132,2016,475512
"Maldives",132,2017,496402
"Maldives",132,2018,515696
"Mali",133,2012,15979496
"Mali",133,2013,16449854
"Mali",133,2014,16934214
"Mali",133,2015,17438778
"Mali",133,2016,17965443
"Mali",133,2017,18512430
"Mali",133,2018,19077749
"Malte",134,2012,421809
"Malte",134,2013,426151
"Malte",134,2014,430197
"Malte",134,2015,433559
"Malte",134,2016,436097
"Malte",134,2017,437933
"Malte",134,2018,439248
"Maroc",143,2012,33241900
"Maroc",143,2013,33715703
"Maroc",143,2014,34192357
"Maroc",143,2015,34663603
"Maroc",143,2016,35126283
"Maroc",143,2017,35581255
"Maroc",143,2018,36029093
"Martinique",135,2012,388357
"Martinique",135,2013,384576
"Martinique",135,2014,381138
"Martinique",135,2015,378478
"Martinique",135,2016,376791
"Martinique",135,2017,375948
"Martinique",135,2018,375673
"Maurice",137,2012,1253488
"Maurice",137,2013,1255452
"Maurice",137,2014,1257355
"Maurice",137,2015,1259456
"Maurice",137,2016,1261865
"Maurice",137,2017,1264499
"Maurice",137,2018,1267185
"Mauritanie",136,2012,3706555
"Mauritanie",136,2013,3817494
"Mauritanie",136,2014,3930896
"Mauritanie",136,2015,4046301
"Mauritanie",136,2016,4163533
"Mauritanie",136,2017,4282570
"Mauritanie",136,2018,4403313
"Mayotte",270,2012,221142
"Mayotte",270,2013,227378
"Mayotte",270,2014,233654
"Mayotte",270,2015,240020
"Mayotte",270,2016,246450
"Mayotte",270,2017,252957
"Mayotte",270,2018,259531
"Mexique",138,2012,117274155
"Mexique",138,2013,118827161
"Mexique",138,2014,120355128
"Mexique",138,2015,121858258
"Mexique",138,2016,123333376
"Mexique",138,2017,124777324
"Mexique",138,2018,126190788
"Micronésie (États fédérés de)",145,2012,104506
"Micronésie (États fédérés de)",145,2013,105926
"Micronésie (États fédérés de)",145,2014,107446
"Micronésie (États fédérés de)",145,2015,108895
"Micronésie (États fédérés de)",145,2016,110215
"Micronésie (États fédérés de)",145,2017,111459
"Micronésie (États fédérés de)",145,2018,112640
"Monaco",140,2012,36460
"Monaco",140,2013,36901
"Monaco",140,2014,37322
"Monaco",140,2015,37718
"Monaco",140,2016,38070
"Monaco",140,2017,38392
"Monaco",140,2018,38682
"Mongolie",141,2012,2824698
"Mongolie",141,2013,2881791
"Mongolie",141,2014,2940108
"Mongolie",141,2015,2998439
"Mongolie",141,2016,3056364
"Mongolie",141,2017,3113786
"Mongolie",141,2018,3170216
"Monténégro",273,2012,625925
"Monténégro",273,2013,626345
"Monténégro",273,2014,626645
"Monténégro",273,2015,626956
"Monténégro",273,2016,627264
"Monténégro",273,2017,627563
"Monténégro",273,2018,627809
"Montserrat",142,2012,4930
"Montserrat",142,2013,4944
"Montserrat",142,2014,4957
"Montserrat",142,2015,4967
"Montserrat",142,2016,4981
"Montserrat",142,2017,4984
"Montserrat",142,2018,4993
"Mozambique",144,2012,24862664
"Mozambique",144,2013,25560755
"Mozambique",144,2014,26286191
"Mozambique",144,2015,27042002
"Mozambique",144,2016,27829938
"Mozambique",144,2017,28649018
"Mozambique",144,2018,29496004
"Myanmar",28,2012,51413704
"Myanmar",28,2013,51852468
"Myanmar",28,2014,52280824
"Myanmar",28,2015,52680726
"Myanmar",28,2016,53045201
"Myanmar",28,2017,53382523
"Myanmar",28,2018,53708320
"Namibie",147,2012,2194783
"Namibie",147,2013,2233508
"Namibie",147,2014,2273423
"Namibie",147,2015,2314904
"Namibie",147,2016,2358044
"Namibie",147,2017,2402633
"Namibie",147,2018,2448301
"Nauru",148,2012,10140
"Nauru",148,2013,10209
"Nauru",148,2014,10289
"Nauru",148,2015,10383
"Nauru",148,2016,10475
"Nauru",148,2017,10573
"Nauru",148,2018,10670
"Népal",149,2012,26989163
"Népal",149,2013,26916793
"Népal",149,2014,26905978
"Népal",149,2015,27015031
"Népal",149,2016,27263433
"Népal",149,2017,27632681
"Népal",149,2018,28095714
"Nicaragua",157,2012,5982526
"Nicaragua",157,2013,6062457
"Nicaragua",157,2014,6142731
"Nicaragua",157,2015,6223240
"Nicaragua",157,2016,6303974
"Nicaragua",157,2017,6384846
"Nicaragua",157,2018,6465501
"Niger",158,2012,17795210
"Niger",158,2013,18504281
"Niger",158,2014,19240179
"Niger",158,2015,20001663
"Niger",158,2016,20788798
"Niger",158,2017,21602382
"Niger",158,2018,22442822
"Nigéria",159,2012,167228794
"Nigéria",159,2013,171765816
"Nigéria",159,2014,176404934
"Nigéria",159,2015,181137448
"Nigéria",159,2016,185960241
"Nigéria",159,2017,190873244
"Nigéria",159,2018,195874683
"Nioué",160,2012,1610
"Nioué",160,2013,1612
"Nioué",160,2014,1609
"Nioué",160,2015,1619
"Nioué",160,2016,1614
"Nioué",160,2017,1609
"Nioué",160,2018,1620
"Norvège",162,2012,5013709
"Norvège",162,2013,5079455
"Norvège",162,2014,5142265
"Norvège",162,2015,5199836
"Norvège",162,2016,5250949
"Norvège",162,2017,5296326
"Norvège",162,2018,5337962
"Nouvelle-Calédonie",153,2012,260653
"Nouvelle-Calédonie",153,2013,264242
"Nouvelle-Calédonie",153,2014,267739
"Nouvelle-Calédonie",153,2015,271065
"Nouvelle-Calédonie",153,2016,274191
"Nouvelle-Calédonie",153,2017,277150
"Nouvelle-Calédonie",153,2018,279993
"Nouvelle-Zélande",156,2012,4468457
"Nouvelle-Zélande",156,2013,4518515
"Nouvelle-Zélande",156,2014,4567527
"Nouvelle-Zélande",156,2015,4614532
"Nouvelle-Zélande",156,2016,4659265
"Nouvelle-Zélande",156,2017,4702034
"Nouvelle-Zélande",156,2018,4743131
"Oman",221,2012,3498029
"Oman",221,2013,3764806
"Oman",221,2014,4027260
"Oman",221,2015,4267348
"Oman",221,2016,4479219
"Oman",221,2017,4665928
"Oman",221,2018,4829473
"Ouganda",226,2012,34558704
"Ouganda",226,2013,35694519
"Ouganda",226,2014,36911523
"Ouganda",226,2015,38225453
"Ouganda",226,2016,39649166
"Ouganda",226,2017,41166588
"Ouganda",226,2018,42729036
"Ouzbékistan",235,2012,29449413
"Ouzbékistan",235,2013,29932631
"Ouzbékistan",235,2014,30426388
"Ouzbékistan",235,2015,30929557
"Ouzbékistan",235,2016,31441751
"Ouzbékistan",235,2017,31959785
"Ouzbékistan",235,2018,32476244
"Pakistan",165,2012,187280129
"Pakistan",165,2013,191260806
"Pakistan",165,2014,195305013
"Pakistan",165,2015,199426964
"Pakistan",165,2016,203631353
"Pakistan",165,2017,207906209
"Pakistan",165,2018,212228286
"Palaos",180,2012,17640
"Palaos",180,2013,17606
"Palaos",180,2014,17626
"Palaos",180,2015,17665
"Palaos",180,2016,17725
"Palaos",180,2017,17808
"Palaos",180,2018,17907
"Palestine",299,2012,4241573
"Palestine",299,2013,4333523
"Palestine",299,2014,4428639
"Palestine",299,2015,4529166
"Palestine",299,2016,4635654
"Palestine",299,2017,4747227
"Palestine",299,2018,4862979
"Panama",166,2012,3770626
"Panama",166,2013,3835435
"Panama",166,2014,3901314
"Panama",166,2015,3968487
"Panama",166,2016,4037078
"Panama",166,2017,4106769
"Panama",166,2018,4176869
"Papouasie-Nouvelle-Guinée",168,2012,7631001
"Papouasie-Nouvelle-Guinée",168,2013,7788380
"Papouasie-Nouvelle-Guinée",168,2014,7946730
"Papouasie-Nouvelle-Guinée",168,2015,8107775
"Papouasie-Nouvelle-Guinée",168,2016,8271762
"Papouasie-Nouvelle-Guinée",168,2017,8438036
"Papouasie-Nouvelle-Guinée",168,2018,8606323
"Paraguay",169,2012,6421513
"Paraguay",169,2013,6510276
"Paraguay",169,2014,6599526
"Paraguay",169,2015,6688746
"Paraguay",169,2016,6777872
"Paraguay",169,2017,6867061
"Paraguay",169,2018,6956066
"Pays-Bas",150,2012,16791840
"Pays-Bas",150,2013,16843502
"Pays-Bas",150,2014,16892523
"Pays-Bas",150,2015,16938499
"Pays-Bas",150,2016,16981295
"Pays-Bas",150,2017,17021347
"Pays-Bas",150,2018,17059560
"Pérou",170,2012,29506788
"Pérou",170,2013,29773987
"Pérou",170,2014,30090359
"Pérou",170,2015,30470734
"Pérou",170,2016,30926032
"Pérou",170,2017,31444298
"Pérou",170,2018,31989260
"Philippines",171,2012,97212643
"Philippines",171,2013,98871555
"Philippines",171,2014,100513142
"Philippines",171,2015,102113212
"Philippines",171,2016,103663816
"Philippines",171,2017,105172925
"Philippines",171,2018,106651394
"Pologne",173,2012,38227044
"Pologne",173,2013,38158041
"Pologne",173,2014,38091089
"Pologne",173,2015,38034079
"Pologne",173,2016,37989220
"Pologne",173,2017,37953180
"Pologne",173,2018,37921592
"Polynésie française",70,2012,268998
"Polynésie française",70,2013,270328
"Polynésie française",70,2014,271705
"Polynésie française",70,2015,273124
"Polynésie française",70,2016,274575
"Polynésie française",70,2017,276102
"Polynésie française",70,2018,277679
"Porto Rico",177,2012,3536572
"Porto Rico",177,2013,3503858
"Porto Rico",177,2014,3453672
"Porto Rico",177,2015,3381518
"Porto Rico",177,2016,3283125
"Porto Rico",177,2017,3163667
"Porto Rico",177,2018,3039596
"Portugal",174,2012,10526308
"Portugal",174,2013,10473021
"Portugal",174,2014,10418218
"Portugal",174,2015,10368351
"Portugal",174,2016,10325538
"Portugal",174,2017,10288527
"Portugal",174,2018,10256193
"Qatar",179,2012,2196073
"Qatar",179,2013,2336574
"Qatar",179,2014,2459198
"Qatar",179,2015,2565710
"Qatar",179,2016,2654374
"Qatar",179,2017,2724728
"Qatar",179,2018,2781682
"République arabe syrienne",212,2012,20438856
"République arabe syrienne",212,2013,19578461
"République arabe syrienne",212,2014,18710711
"République arabe syrienne",212,2015,17997408
"République arabe syrienne",212,2016,17465575
"République arabe syrienne",212,2017,17095678
"République arabe syrienne",212,2018,16945057
"République centrafricaine",37,2012,4436416
"République centrafricaine",37,2013,4447944
"République centrafricaine",37,2014,4464175
"République centrafricaine",37,2015,4493170
"République centrafricaine",37,2016,4537686
"République centrafricaine",37,2017,4596023
"République centrafricaine",37,2018,4666368
"République de Corée",117,2012,50060639
"République de Corée",117,2013,50345717
"République de Corée",117,2014,50607907
"République de Corée",117,2015,50823093
"République de Corée",117,2016,50983457
"République de Corée",117,2017,51096415
"République de Corée",117,2018,51171706
"République de Moldova",146,2012,4075808
"République de Moldova",146,2013,4074591
"République de Moldova",146,2014,4073407
"République de Moldova",146,2015,4070700
"République de Moldova",146,2016,4066009
"République de Moldova",146,2017,4059684
"République de Moldova",146,2018,4051944
"République démocratique du Congo",250,2012,69020747
"République démocratique du Congo",250,2013,71358807
"République démocratique du Congo",250,2014,73767447
"République démocratique du Congo",250,2015,76244544
"République démocratique du Congo",250,2016,78789127
"République démocratique du Congo",250,2017,81398764
"République démocratique du Congo",250,2018,84068091
"République démocratique populaire lao",120,2012,6444530
"République démocratique populaire lao",120,2013,6541304
"République démocratique populaire lao",120,2014,6639756
"République démocratique populaire lao",120,2015,6741164
"République démocratique populaire lao",120,2016,6845846
"République démocratique populaire lao",120,2017,6953035
"République démocratique populaire lao",120,2018,7061507
"République dominicaine",56,2012,9930916
"République dominicaine",56,2013,10048232
"République dominicaine",56,2014,10165183
"République dominicaine",56,2015,10281680
"République dominicaine",56,2016,10397741
"République dominicaine",56,2017,10513104
"République dominicaine",56,2018,10627141
"République populaire démocratique de Corée",116,2012,24800645
"République populaire démocratique de Corée",116,2013,24929497
"République populaire démocratique de Corée",116,2014,25057790
"République populaire démocratique de Corée",116,2015,25183833
"République populaire démocratique de Corée",116,2016,25307665
"République populaire démocratique de Corée",116,2017,25429825
"République populaire démocratique de Corée",116,2018,25549604
"République-Unie de Tanzanie",215,2012,47053030
"République-Unie de Tanzanie",215,2013,48483129
"République-Unie de Tanzanie",215,2014,49960561
"République-Unie de Tanzanie",215,2015,51482633
"République-Unie de Tanzanie",215,2016,53049230
"République-Unie de Tanzanie",215,2017,54660339
"République-Unie de Tanzanie",215,2018,56313438
"Réunion",182,2012,843984
"Réunion",182,2013,850514
"Réunion",182,2014,856961
"Réunion",182,2015,863363
"Réunion",182,2016,869743
"Réunion",182,2017,876134
"Réunion",182,2018,882526
"Roumanie",183,2012,20227469
"Roumanie",183,2013,20132776
"Roumanie",183,2014,20035930
"Roumanie",183,2015,19925175
"Roumanie",183,2016,19796285
"Roumanie",183,2017,19653969
"Roumanie",183,2018,19506114
"Royaume-Uni",229,2012,64525312
"Royaume-Uni",229,2013,64984018
"Royaume-Uni",229,2014,65423047
"Royaume-Uni",229,2015,65860146
"Royaume-Uni",229,2016,66297944
"Royaume-Uni",229,2017,66727461
"Royaume-Uni",229,2018,67141684
"Rwanda",184,2012,10549673
"Rwanda",184,2013,10811538
"Rwanda",184,2014,11083630
"Rwanda",184,2015,11369071
"Rwanda",184,2016,11668827
"Rwanda",184,2017,11980961
"Rwanda",184,2018,12301970
"Sahara occidental",205,2012,495773
"Sahara occidental",205,2013,504858
"Sahara occidental",205,2014,514995
"Sahara occidental",205,2015,526216
"Sahara occidental",205,2016,538749
"Sahara occidental",205,2017,552615
"Sahara occidental",205,2018,567402
"Saint-Barthélemy",282,2012,9439
"Saint-Barthélemy",282,2013,9537
"Saint-Barthélemy",282,2014,9623
"Saint-Barthélemy",282,2015,9693
"Saint-Barthélemy",282,2016,9748
"Saint-Barthélemy",282,2017,9784
"Saint-Barthélemy",282,2018,9816
"Sainte-Hélène, Ascension et Tristan de Cunha",187,2012,5414
"Sainte-Hélène, Ascension et Tristan de Cunha",187,2013,5584
"Sainte-Hélène, Ascension et Tristan de Cunha",187,2014,5739
"Sainte-Hélène, Ascension et Tristan de Cunha",187,2015,5865
"Sainte-Hélène, Ascension et Tristan de Cunha",187,2016,5956
"Sainte-Hélène, Ascension et Tristan de Cunha",187,2017,6008
"Sainte-Hélène, Ascension et Tristan de Cunha",187,2018,6035
"Sainte-Lucie",189,2012,176646
"Sainte-Lucie",189,2013,177513
"Sainte-Lucie",189,2014,178296
"Sainte-Lucie",189,2015,179126
"Sainte-Lucie",189,2016,180024
"Sainte-Lucie",189,2017,180954
"Sainte-Lucie",189,2018,181889
"Saint-Kitts-et-Nevis",188,2012,49887
"Saint-Kitts-et-Nevis",188,2013,50331
"Saint-Kitts-et-Nevis",188,2014,50774
"Saint-Kitts-et-Nevis",188,2015,51203
"Saint-Kitts-et-Nevis",188,2016,51625
"Saint-Kitts-et-Nevis",188,2017,52045
"Saint-Kitts-et-Nevis",188,2018,52441
"Saint-Marin",192,2012,32105
"Saint-Marin",192,2013,32553
"Saint-Marin",192,2014,32948
"Saint-Marin",192,2015,33272
"Saint-Marin",192,2016,33504
"Saint-Marin",192,2017,33671
"Saint-Marin",192,2018,33785
"Saint-Martin (Partie française)",281,2012,37009
"Saint-Martin (Partie française)",281,2013,36453
"Saint-Martin (Partie française)",281,2014,36015
"Saint-Martin (Partie française)",281,2015,35858
"Saint-Martin (Partie française)",281,2016,36065
"Saint-Martin (Partie française)",281,2017,36560
"Saint-Martin (Partie française)",281,2018,37264
"Saint-Pierre-et-Miquelon",190,2012,6258
"Saint-Pierre-et-Miquelon",190,2013,6173
"Saint-Pierre-et-Miquelon",190,2014,6075
"Saint-Pierre-et-Miquelon",190,2015,5993
"Saint-Pierre-et-Miquelon",190,2016,5934
"Saint-Pierre-et-Miquelon",190,2017,5887
"Saint-Pierre-et-Miquelon",190,2018,5849
"Saint-Siège",94,2012,804
"Saint-Siège",94,2013,801
"Saint-Siège",94,2014,800
"Saint-Siège",94,2015,803
"Saint-Siège",94,2016,801
"Saint-Siège",94,2017,793
"Saint-Siège",94,2018,801
"Saint-Vincent-et-les Grenadines",191,2012,108435
"Saint-Vincent-et-les Grenadines",191,2013,108622
"Saint-Vincent-et-les Grenadines",191,2014,108861
"Saint-Vincent-et-les Grenadines",191,2015,109148
"Saint-Vincent-et-les Grenadines",191,2016,109459
"Saint-Vincent-et-les Grenadines",191,2017,109827
"Saint-Vincent-et-les Grenadines",191,2018,110211
"Samoa",244,2012,189089
"Samoa",244,2013,190718
"Samoa",244,2014,192221
"Samoa",244,2015,193513
"Samoa",244,2016,194535
"Samoa",244,2017,195352
"Samoa",244,2018,196129
"Samoa américaines",5,2012,55667
"Samoa américaines",5,2013,55713
"Samoa américaines",5,2014,55791
"Samoa américaines",5,2015,55812
"Samoa américaines",5,2016,55741
"Samoa américaines",5,2017,55620
"Samoa américaines",5,2018,55465
"Sao Tomé-et-Principe",193,2012,188404
"Sao Tomé-et-Principe",193,2013,192087
"Sao Tomé-et-Principe",193,2014,195727
"Sao Tomé-et-Principe",193,2015,199432
"Sao Tomé-et-Principe",193,2016,203227
"Sao Tomé-et-Principe",193,2017,207089
"Sao Tomé-et-Principe",193,2018,211028
"Sénégal",195,2012,13401992
"Sénégal",195,2013,13782424
"Sénégal",195,2014,14174739
"Sénégal",195,2015,14578459
"Sénégal",195,2016,14993519
"Sénégal",195,2017,15419355
"Sénégal",195,2018,15854323
"Serbie",272,2012,8940113
"Serbie",272,2013,8918904
"Serbie",272,2014,8898289
"Serbie",272,2015,8876777
"Serbie",272,2016,8853963
"Serbie",272,2017,8829628
"Serbie",272,2018,8802754
"Seychelles",196,2012,92603
"Seychelles",196,2013,93395
"Seychelles",196,2014,94215
"Seychelles",196,2015,94978
"Seychelles",196,2016,95710
"Seychelles",196,2017,96418
"Seychelles",196,2018,97096
"Sierra Leone",197,2012,6712584
"Sierra Leone",197,2013,6863981
"Sierra Leone",197,2014,7017148
"Sierra Leone",197,2015,7171914
"Sierra Leone",197,2016,7328834
"Sierra Leone",197,2017,7488423
"Sierra Leone",197,2018,7650150
"Singapour",200,2012,5369476
"Singapour",200,2013,5453737
"Singapour",200,2014,5525626
"Singapour",200,2015,5592152
"Singapour",200,2016,5653634
"Singapour",200,2017,5708041
"Singapour",200,2018,5757499
"Sint Maarten (Partie Néerlandaise)",280,2012,36241
"Sint Maarten (Partie Néerlandaise)",280,2013,37583
"Sint Maarten (Partie Néerlandaise)",280,2014,38876
"Sint Maarten (Partie Néerlandaise)",280,2015,39968
"Sint Maarten (Partie Néerlandaise)",280,2016,40808
"Sint Maarten (Partie Néerlandaise)",280,2017,41444
"Sint Maarten (Partie Néerlandaise)",280,2018,41940
"Slovaquie",199,2012,5414889
"Slovaquie",199,2013,5421725
"Slovaquie",199,2014,5428803
"Slovaquie",199,2015,5435611
"Slovaquie",199,2016,5442003
"Slovaquie",199,2017,5447900
"Slovaquie",199,2018,5453014
"Slovénie",198,2012,2057823
"Slovénie",198,2013,2063110
"Slovénie",198,2014,2067488
"Slovénie",198,2015,2071199
"Slovénie",198,2016,2074210
"Slovénie",198,2017,2076394
"Slovénie",198,2018,2077837
"Somalie",201,2012,12715503
"Somalie",201,2013,13063701
"Somalie",201,2014,13423568
"Somalie",201,2015,13797201
"Somalie",201,2016,14185636
"Somalie",201,2017,14589179
"Somalie",201,2018,15008226
"Soudan",276,2012,36193783
"Soudan",276,2013,37072550
"Soudan",276,2014,37977655
"Soudan",276,2015,38902950
"Soudan",276,2016,39847439
"Soudan",276,2017,40813397
"Soudan",276,2018,41801533
"Soudan du Sud",277,2012,10113649
"Soudan du Sud",277,2013,10355035
"Soudan du Sud",277,2014,10554880
"Soudan du Sud",277,2015,10715658
"Soudan du Sud",277,2016,10832518
"Soudan du Sud",277,2017,10910763
"Soudan du Sud",277,2018,10975927
"Sri Lanka",38,2012,20532600
"Sri Lanka",38,2013,20663046
"Sri Lanka",38,2014,20788511
"Sri Lanka",38,2015,20908027
"Sri Lanka",38,2016,21021171
"Sri Lanka",38,2017,21128032
"Sri Lanka",38,2018,21228763
"Suède",210,2012,9542812
"Suède",210,2013,9618016
"Suède",210,2014,9692131
"Suède",210,2015,9764950
"Suède",210,2016,9836007
"Suède",210,2017,9904896
"Suède",210,2018,9971638
"Suisse",211,2012,8008012
"Suisse",211,2013,8108878
"Suisse",211,2014,8206002
"Suisse",211,2015,8296775
"Suisse",211,2016,8379917
"Suisse",211,2017,8455804
"Suisse",211,2018,8525611
"Suriname",207,2012,541245
"Suriname",207,2013,547291
"Suriname",207,2014,553273
"Suriname",207,2015,559143
"Suriname",207,2016,564888
"Suriname",207,2017,570496
"Suriname",207,2018,575990
"Tadjikistan",208,2012,7874835
"Tadjikistan",208,2013,8059769
"Tadjikistan",208,2014,8252833
"Tadjikistan",208,2015,8454028
"Tadjikistan",208,2016,8663579
"Tadjikistan",208,2017,8880268
"Tadjikistan",208,2018,9100835
"Tchad",39,2012,12784750
"Tchad",39,2013,13220433
"Tchad",39,2014,13663566
"Tchad",39,2015,14110975
"Tchad",39,2016,14561660
"Tchad",39,2017,15016753
"Tchad",39,2018,15477729
"Tchéquie (la)",167,2012,10581293
"Tchéquie (la)",167,2013,10586533
"Tchéquie (la)",167,2014,10591108
"Tchéquie (la)",167,2015,10601397
"Tchéquie (la)",167,2016,10618857
"Tchéquie (la)",167,2017,10641034
"Tchéquie (la)",167,2018,10665677
"Thaïlande",216,2012,67835962
"Thaïlande",216,2013,68144518
"Thaïlande",216,2014,68438746
"Thaïlande",216,2015,68714511
"Thaïlande",216,2016,68971308
"Thaïlande",216,2017,69209810
"Thaïlande",216,2018,69428453
"Timor-Leste",176,2012,1132994
"Timor-Leste",176,2013,1153294
"Timor-Leste",176,2014,1174331
"Timor-Leste",176,2015,1196302
"Timor-Leste",176,2016,1219288
"Timor-Leste",176,2017,1243258
"Timor-Leste",176,2018,1267974
"Togo",217,2012,6773809
"Togo",217,2013,6954722
"Togo",217,2014,7138000
"Togo",217,2015,7323158
"Togo",217,2016,7509951
"Togo",217,2017,7698474
"Togo",217,2018,7889093
"Tokélaou",218,2012,1167
"Tokélaou",218,2013,1187
"Tokélaou",218,2014,1219
"Tokélaou",218,2015,1252
"Tokélaou",218,2016,1282
"Tokélaou",218,2017,1300
"Tokélaou",218,2018,1319
"Tonga",219,2012,102737
"Tonga",219,2013,101768
"Tonga",219,2014,101028
"Tonga",219,2015,100781
"Tonga",219,2016,101133
"Tonga",219,2017,101998
"Tonga",219,2018,103197
"Trinité-et-Tobago",220,2012,1344819
"Trinité-et-Tobago",220,2013,1353703
"Trinité-et-Tobago",220,2014,1362345
"Trinité-et-Tobago",220,2015,1370328
"Trinité-et-Tobago",220,2016,1377560
"Trinité-et-Tobago",220,2017,1384059
"Trinité-et-Tobago",220,2018,1389843
"Tunisie",222,2012,10847002
"Tunisie",222,2013,10952951
"Tunisie",222,2014,11063201
"Tunisie",222,2015,11179949
"Tunisie",222,2016,11303945
"Tunisie",222,2017,11433443
"Tunisie",222,2018,11565201
"Turkménistan",213,2012,5267900
"Turkménistan",213,2013,5366378
"Turkménistan",213,2014,5466328
"Turkménistan",213,2015,5565287
"Turkménistan",213,2016,5662368
"Turkménistan",213,2017,5757667
"Turkménistan",213,2018,5850901
"Turquie",223,2012,74651050
"Turquie",223,2013,75925462
"Turquie",223,2014,77229256
"Turquie",223,2015,78529409
"Turquie",223,2016,79827871
"Turquie",223,2017,81116450
"Turquie",223,2018,82340088
"Tuvalu",227,2012,10739
"Tuvalu",227,2013,10857
"Tuvalu",227,2014,10972
"Tuvalu",227,2015,11099
"Tuvalu",227,2016,11225
"Tuvalu",227,2017,11370
"Tuvalu",227,2018,11508
"Ukraine",230,2012,45453806
"Ukraine",230,2013,45286983
"Ukraine",230,2014,45111532
"Ukraine",230,2015,44921639
"Ukraine",230,2016,44713702
"Ukraine",230,2017,44487709
"Ukraine",230,2018,44246156
"Uruguay",234,2012,3378975
"Uruguay",234,2013,3389443
"Uruguay",234,2014,3400436
"Uruguay",234,2015,3412009
"Uruguay",234,2016,3424129
"Uruguay",234,2017,3436641
"Uruguay",234,2018,3449285
"Vanuatu",155,2012,249499
"Vanuatu",155,2013,256635
"Vanuatu",155,2014,263888
"Vanuatu",155,2015,271130
"Vanuatu",155,2016,278330
"Vanuatu",155,2017,285510
"Vanuatu",155,2018,292680
"Venezuela (République bolivarienne du)",236,2012,29360837
"Venezuela (République bolivarienne du)",236,2013,29781040
"Venezuela (République bolivarienne du)",236,2014,30042968
"Venezuela (République bolivarienne du)",236,2015,30081829
"Venezuela (République bolivarienne du)",236,2016,29851255
"Venezuela (République bolivarienne du)",236,2017,29402484
"Venezuela (République bolivarienne du)",236,2018,28887118
"Viet Nam",237,2012,89801926
"Viet Nam",237,2013,90752592
"Viet Nam",237,2014,91713848
"Viet Nam",237,2015,92677076
"Viet Nam",237,2016,93640422
"Viet Nam",237,2017,94600648
"Viet Nam",237,2018,95545962
"Yémen",249,2012,24473178
"Yémen",249,2013,25147109
"Yémen",249,2014,25823485
"Yémen",249,2015,26497889
"Yémen",249,2016,27168208
"Yémen",249,2017,27834819
"Yémen",249,2018,28498683
"Zambie",251,2012,14465150
"Zambie",251,2013,14926544
"Zambie",251,2014,15399788
"Zambie",251,2015,15879361
"Zambie",251,2016,16363458
"Zambie",251,2017,16853599
"Zambie",251,2018,17351708
"Zimbabwe",181,2012,13115150
"Zimbabwe",181,2013,13350373
"Zimbabwe",181,2014,13586707
"Zimbabwe",181,2015,13814629
"Zimbabwe",181,2016,14030331
"Zimbabwe",181,2017,14236595
"Zimbabwe",181,2018,14438802
